{
  "board": {
    "anchor": "rgb(0, 0, 132)",
    "aux_items": "rgb(255, 255, 255)",
    "b_adhes": "rgb(0, 0, 132)",
    "b_crtyd": "rgb(179, 190, 56)",
    "b_fab": "rgb(156, 200, 67)",
    "b_mask": "rgba(0, 100, 0, 0.600)",
    "b_paste": "rgba(132, 88, 44, 0.600)",
    "b_silks": "rgb(150, 138, 103)",
    "background": "rgb(50, 50, 50)",
    "cmts_user": "rgb(132, 51, 52)",
    "copper": {
      "b": "rgba(44, 150, 62, 0.702)",
      "f": "rgba(44, 44, 150, 0.702)",
      "in1": "rgba(110, 50, 170, 0.702)",
      "in10": "rgb(132, 0, 132)",
      "in11": "rgb(132, 0, 0)",
      "in12": "rgb(132, 132, 0)",
      "in13": "rgb(194, 194, 194)",
      "in14": "rgb(0, 0, 132)",
      "in15": "rgb(0, 132, 0)",
      "in16": "rgb(132, 0, 0)",
      "in17": "rgb(194, 194, 0)",
      "in18": "rgb(194, 0, 194)",
      "in19": "rgb(194, 0, 0)",
      "in2": "rgba(200, 129, 59, 0.702)",
      "in20": "rgb(0, 132, 132)",
      "in21": "rgb(0, 132, 0)",
      "in22": "rgb(0, 0, 132)",
      "in23": "rgb(132, 132, 132)",
      "in24": "rgb(132, 0, 132)",
      "in25": "rgb(194, 194, 194)",
      "in26": "rgb(132, 0, 132)",
      "in27": "rgb(132, 0, 0)",
      "in28": "rgb(132, 132, 0)",
      "in29": "rgb(194, 194, 194)",
      "in3": "rgb(194, 0, 0)",
      "in30": "rgb(0, 0, 132)",
      "in4": "rgb(0, 132, 132)",
      "in5": "rgb(0, 132, 0)",
      "in6": "rgb(0, 0, 132)",
      "in7": "rgb(132, 132, 132)",
      "in8": "rgb(132, 0, 132)",
      "in9": "rgb(194, 194, 194)"
    },
    "cursor": "rgb(255, 255, 255)",
    "dwgs_user": "rgb(210, 210, 210)",
    "eco1_user": "rgb(0, 132, 0)",
    "eco2_user": "rgb(194, 194, 0)",
    "edge_cuts": "rgb(194, 194, 0)",
    "f_adhes": "rgb(132, 0, 132)",
    "f_crtyd": "rgb(91, 220, 220)",
    "f_fab": "rgb(59, 153, 200)",
    "f_mask": "rgba(29, 29, 100, 0.600)",
    "f_paste": "rgba(132, 70, 74, 0.400)",
    "f_silks": "rgb(103, 150, 142)",
    "footprint_text_back": "rgb(0, 0, 132)",
    "footprint_text_front": "rgb(194, 194, 194)",
    "footprint_text_invisible": "rgb(132, 132, 132)",
    "grid": "rgb(132, 132, 132)",
    "no_connect": "rgb(0, 0, 132)",
    "pad_back": "rgba(53, 180, 74, 0.851)",
    "pad_front": "rgba(53, 53, 180, 0.851)",
    "pad_through_hole": "rgba(194, 184, 84, 0.702)",
    "plated_hole": "rgb(160, 153, 0)",
    "ratsnest": "rgb(255, 255, 255)",
    "via_blind_buried": "rgb(132, 132, 0)",
    "via_micro": "rgb(0, 132, 132)",
    "via_through": "rgba(160, 160, 160, 0.800)",
    "worksheet": "rgb(119, 118, 121)"
  },
  "fpedit": {
    "anchor": "rgb(0, 0, 132)",
    "aux_items": "rgb(255, 255, 255)",
    "b_adhes": "rgb(0, 0, 132)",
    "b_crtyd": "rgb(179, 190, 56)",
    "b_fab": "rgb(156, 200, 67)",
    "b_mask": "rgba(0, 100, 0, 0.600)",
    "b_paste": "rgba(132, 88, 44, 0.600)",
    "b_silks": "rgb(150, 138, 103)",
    "background": "rgb(50, 50, 50)",
    "cmts_user": "rgb(132, 51, 52)",
    "copper": {
      "b": "rgba(44, 150, 62, 0.702)",
      "f": "rgba(44, 44, 150, 0.702)",
      "in1": "rgba(110, 50, 170, 0.702)",
      "in10": "rgb(132, 0, 132)",
      "in11": "rgb(132, 0, 0)",
      "in12": "rgb(132, 132, 0)",
      "in13": "rgb(194, 194, 194)",
      "in14": "rgb(0, 0, 132)",
      "in15": "rgb(0, 132, 0)",
      "in16": "rgb(132, 0, 0)",
      "in17": "rgb(194, 194, 0)",
      "in18": "rgb(194, 0, 194)",
      "in19": "rgb(194, 0, 0)",
      "in2": "rgba(200, 129, 59, 0.702)",
      "in20": "rgb(0, 132, 132)",
      "in21": "rgb(0, 132, 0)",
      "in22": "rgb(0, 0, 132)",
      "in23": "rgb(132, 132, 132)",
      "in24": "rgb(132, 0, 132)",
      "in25": "rgb(194, 194, 194)",
      "in26": "rgb(132, 0, 132)",
      "in27": "rgb(132, 0, 0)",
      "in28": "rgb(132, 132, 0)",
      "in29": "rgb(194, 194, 194)",
      "in3": "rgb(194, 0, 0)",
      "in30": "rgb(0, 0, 132)",
      "in4": "rgb(0, 132, 132)",
      "in5": "rgb(0, 132, 0)",
      "in6": "rgb(0, 0, 132)",
      "in7": "rgb(132, 132, 132)",
      "in8": "rgb(132, 0, 132)",
      "in9": "rgb(194, 194, 194)"
    },
    "cursor": "rgb(255, 255, 255)",
    "dwgs_user": "rgb(210, 210, 210)",
    "eco1_user": "rgb(0, 132, 0)",
    "eco2_user": "rgb(194, 194, 0)",
    "edge_cuts": "rgb(194, 194, 0)",
    "f_adhes": "rgb(132, 0, 132)",
    "f_crtyd": "rgb(91, 220, 220)",
    "f_fab": "rgb(59, 153, 200)",
    "f_mask": "rgba(29, 29, 100, 0.600)",
    "f_paste": "rgba(132, 70, 74, 0.400)",
    "f_silks": "rgb(103, 150, 142)",
    "footprint_text_back": "rgb(0, 0, 132)",
    "footprint_text_front": "rgb(194, 194, 194)",
    "footprint_text_invisible": "rgb(132, 132, 132)",
    "grid": "rgb(132, 132, 132)",
    "pad_back": "rgba(53, 180, 74, 0.851)",
    "pad_front": "rgba(53, 53, 180, 0.502)",
    "pad_through_hole": "rgba(194, 184, 84, 0.702)",
    "plated_hole": "rgb(160, 153, 0)",
    "worksheet": "rgb(119, 118, 121)"
  },
  "meta": {
    "filename": "blue-green-dark",
    "name": "Blue-Green Dark",
    "version": 0
  }
}