{
    "packages": [
        {
            "$schema": "https://go.kicad.org/pcm/schemas/v1",
            "name": "Black-White Theme",
            "description": "Designed for printing",
            "description_full": "Designed for printing",
            "identifier": "com.github.pointhi.kicad-color-schemes.black-white",
            "type": "colortheme",
            "author": {
                "name": "Thomas Pointhuber",
                "contact": {
                    "web": "https://github.com/pointhi/kicad-color-schemes/"
                }
            },
            "maintainer": {
                "name": "Thomas Pointhuber",
                "contact": {
                    "web": "https://github.com/pointhi/kicad-color-schemes/"
                }
            },
            "license": "CC0-1.0",
            "resources": {
                "Github": "https://github.com/pointhi/kicad-color-schemes"
            },
            "versions": [
                {
                    "version": "1.2",
                    "status": "stable",
                    "kicad_version": "5.99",
                    "download_sha256": "a6efe8dcbaf9d5e579dd9f565ed8c02ad30a896761b2c2fcc1911c7df8bce754",
                    "download_size": 3972,
                    "download_url": "https://raw.githubusercontent.com/pointhi/kicad-color-schemes/master/black-white/com.github.pointhi.kicad-color-schemes.black-white_v1.2_pcm.zip",
                    "install_size": 5161
                }
            ]
        },
        {
            "$schema": "https://go.kicad.org/pcm/schemas/v1",
            "name": "Eagle Dark Theme",
            "description": "Eagle CAD inspired color theme",
            "description_full": "Eagle CAD inspired color theme",
            "identifier": "com.github.pointhi.kicad-color-schemes.eagle-dark",
            "type": "colortheme",
            "author": {
                "name": "Rachel Mant",
                "contact": {
                    "web": "https://github.com/DX-MON"
                }
            },
            "maintainer": {
                "name": "Thomas Pointhuber",
                "contact": {
                    "web": "https://github.com/pointhi/kicad-color-schemes/"
                }
            },
            "license": "CC0-1.0",
            "resources": {
                "Github": "https://github.com/pointhi/kicad-color-schemes"
            },
            "versions": [
                {
                    "version": "1.1",
                    "status": "stable",
                    "kicad_version": "5.99",
                    "download_sha256": "d862b897c8981c17cfc2f77839c82db25bdf8a9a25561e4b38c5a00bbee29ed1",
                    "download_size": 6429,
                    "download_url": "https://raw.githubusercontent.com/pointhi/kicad-color-schemes/master/eagle-dark/com.github.pointhi.kicad-color-schemes.eagle-dark_v1.1_pcm.zip",
                    "install_size": 10196
                }
            ]
        },
        {
            "$schema": "https://go.kicad.org/pcm/schemas/v1",
            "name": "Nord Theme",
            "description": "Designed by @0xdec",
            "description_full": "Designed by @0xdec.",
            "identifier": "com.github.pointhi.kicad-color-schemes.nord",
            "type": "colortheme",
            "author": {
                "name": "Jordi Pakey-Rodriguez",
                "contact": {
                    "web": "https://github.com/jordiorlando"
                }
            },
            "maintainer": {
                "name": "Thomas Pointhuber",
                "contact": {
                    "web": "https://github.com/pointhi/kicad-color-schemes/"
                }
            },
            "license": "CC0-1.0",
            "resources": {
                "Github": "https://github.com/pointhi/kicad-color-schemes"
            },
            "versions": [
                {
                    "version": "1.1",
                    "status": "stable",
                    "kicad_version": "5.99",
                    "download_sha256": "3d8d949e366e33c73d53e199d62aeafecd58c497e2a15d4b972fda8a18a03a11",
                    "download_size": 6733,
                    "download_url": "https://raw.githubusercontent.com/pointhi/kicad-color-schemes/master/nord/com.github.pointhi.kicad-color-schemes.nord_v1.1_pcm.zip",
                    "install_size": 10342
                }
            ]
        },
        {
            "$schema": "https://go.kicad.org/pcm/schemas/v1",
            "name": "Solarized Dark Theme",
            "description": "Based on Solarized colorscheme from Ethan Schoonover",
            "description_full": "Based on Solarized colorscheme from Ethan Schoonover.\nSee https://ethanschoonover.com/solarized/ for more details.",
            "identifier": "com.github.pointhi.kicad-color-schemes.solarized-dark",
            "type": "colortheme",
            "author": {
                "name": "Thomas Pointhuber",
                "contact": {
                    "web": "https://github.com/pointhi/kicad-color-schemes/"
                }
            },
            "maintainer": {
                "name": "Thomas Pointhuber",
                "contact": {
                    "web": "https://github.com/pointhi/kicad-color-schemes/"
                }
            },
            "license": "CC0-1.0",
            "resources": {
                "Github": "https://github.com/pointhi/kicad-color-schemes"
            },
            "versions": [
                {
                    "version": "1.2",
                    "status": "stable",
                    "kicad_version": "5.99",
                    "download_sha256": "7870a3560e9ba112b3bad342d457730bc9c65e787af87d0c55f6fad544a0532c",
                    "download_size": 4395,
                    "download_url": "https://raw.githubusercontent.com/pointhi/kicad-color-schemes/master/solarized-dark/com.github.pointhi.kicad-color-schemes.solarized-dark_v1.2_pcm.zip",
                    "install_size": 5691
                }
            ]
        },
        {
            "$schema": "https://go.kicad.org/pcm/schemas/v1",
            "name": "Solarized Light Theme",
            "description": "Based on Solarized colorscheme from Ethan Schoonover",
            "description_full": "Based on Solarized colorscheme from Ethan Schoonover.\nSee https://ethanschoonover.com/solarized/ for more details.",
            "identifier": "com.github.pointhi.kicad-color-schemes.solarized-light",
            "type": "colortheme",
            "author": {
                "name": "Thomas Pointhuber",
                "contact": {
                    "web": "https://github.com/pointhi/kicad-color-schemes/"
                }
            },
            "maintainer": {
                "name": "Thomas Pointhuber",
                "contact": {
                    "web": "https://github.com/pointhi/kicad-color-schemes/"
                }
            },
            "license": "CC0-1.0",
            "resources": {
                "Github": "https://github.com/pointhi/kicad-color-schemes"
            },
            "versions": [
                {
                    "version": "1.2",
                    "status": "stable",
                    "kicad_version": "5.99",
                    "download_sha256": "0be21e4d43066a1870a88eba7b627a4dac1c2fec20506dd50c78755200b412a3",
                    "download_size": 4390,
                    "download_url": "https://raw.githubusercontent.com/pointhi/kicad-color-schemes/master/solarized-light/com.github.pointhi.kicad-color-schemes.solarized-light_v1.2_pcm.zip",
                    "install_size": 5679
                }
            ]
        },
        {
            "$schema": "https://go.kicad.org/pcm/schemas/v1",
            "name": "wDark Theme",
            "description": "Designed by wykys, Inspired by One Dark",
            "description_full": "Designed by wykys, Inspired by One Dark",
            "identifier": "com.github.pointhi.kicad-color-schemes.wdark",
            "type": "colortheme",
            "author": {
                "name": "Jan Vykydal",
                "contact": {
                    "web": "https://github.com/wykys"
                }
            },
            "maintainer": {
                "name": "Thomas Pointhuber",
                "contact": {
                    "web": "https://github.com/pointhi/kicad-color-schemes/"
                }
            },
            "license": "CC0-1.0",
            "resources": {
                "Github": "https://github.com/pointhi/kicad-color-schemes"
            },
            "versions": [
                {
                    "version": "1.0",
                    "status": "stable",
                    "kicad_version": "5.99",
                    "download_sha256": "9e58f7e6032dd40221dc80817dc992f233eba1858d590104c3445d41abcc136a",
                    "download_size": 4289,
                    "download_url": "https://raw.githubusercontent.com/pointhi/kicad-color-schemes/master/wdark/com.github.pointhi.kicad-color-schemes.wdark_v1.0_pcm.zip",
                    "install_size": 5490
                }
            ]
        },
        {
            "$schema": "https://go.kicad.org/pcm/schemas/v1",
            "name": "wLight Theme",
            "description": "Designed by wykys, Inspired by Altium",
            "description_full": "Designed by wykys, Inspired by Altium",
            "identifier": "com.github.pointhi.kicad-color-schemes.wlight",
            "type": "colortheme",
            "author": {
                "name": "Jan Vykydal",
                "contact": {
                    "web": "https://github.com/wykys"
                }
            },
            "maintainer": {
                "name": "Thomas Pointhuber",
                "contact": {
                    "web": "https://github.com/pointhi/kicad-color-schemes/"
                }
            },
            "license": "CC0-1.0",
            "resources": {
                "Github": "https://github.com/pointhi/kicad-color-schemes"
            },
            "versions": [
                {
                    "version": "1.1",
                    "status": "stable",
                    "kicad_version": "5.99",
                    "download_sha256": "73b9810725f93c85982d554fc3c500715bdd4bcce5559d735f229c5a8174cc7b",
                    "download_size": 4322,
                    "download_url": "https://raw.githubusercontent.com/pointhi/kicad-color-schemes/master/wlight/com.github.pointhi.kicad-color-schemes.wlight_v1.1_pcm.zip",
                    "install_size": 5486
                }
            ]
        }
    ]
}