{
    "$schema": "https://go.kicad.org/pcm/schemas/v1#/definitions/Repository",
    "maintainer": {
        "contact": {
            "web": "https://github.com/pointhi/kicad-color-schemes/"
        },
        "name": "Thomas Pointhuber"
    },
    "name": "kicad-color-schemes repository by @pointhi",
    "packages": {
        "sha256": "fe8596418cff699726757be58ad0d61f682dbf587bb0cb48ab3080f67c6eaec6",
        "update_time_utc": "2021-12-05 13:11:42",
        "update_timestamp": 1638709902,
        "url": "https://raw.githubusercontent.com/pointhi/kicad-color-schemes/master/packages.json"
    },
    "resources": {
        "sha256": "620853ca579fdb1c773d94ff18004fdc5c31866b2b611498c9ccc747cad8b095",
        "update_time_utc": "2021-12-05 13:11:42",
        "update_timestamp": 1638709902,
        "url": "https://raw.githubusercontent.com/pointhi/kicad-color-schemes/master/resources.zip"
    }
}